Word,Frequency,NonStopWord,Probability
project,89,True,0.00646
gutenberg,97,True,0.00704
ebook,13,True,0.00094
philosophy,85,True,0.00617
united,18,True,0.00131
cost,3,True,0.00022
restrictions,2,True,0.00015
whatsoever,2,True,0.00015
terms,56,True,0.00406
license,18,True,0.00131
included,10,True,0.00073
online,4,True,0.00029
located,7,True,0.00051
check,4,True,0.00029
laws,33,True,0.00239
country,4,True,0.00029
title,1,True,7e-05
author,1,True,7e-05
bertrand,3,True,0.00022
russell,3,True,0.00022
release,1,True,7e-05
june,1,True,7e-05
1,60,True,0.00435
2004,1,True,7e-05
5827,1,True,7e-05
updated,2,True,0.00015
december,1,True,7e-05
5,7,True,0.00051
2019,1,True,7e-05
language,3,True,0.00022
english,1,True,7e-05
start,9,True,0.00065
produced,4,True,0.00029
gordon,1,True,7e-05
keener,1,True,7e-05
preface,1,True,7e-05
confined,6,True,0.00044
main,7,True,0.00051
regard,25,True,0.00181
positive,4,True,0.00029
constructive,1,True,7e-05
negative,2,True,0.00015
criticism,8,True,0.00058
reason,53,True,0.00385
theory,22,True,0.0016
knowledge,306,True,0.02221
occupies,2,True,0.00015
larger,1,True,7e-05
space,74,True,0.00537
metaphysics,4,True,0.00029
volume,1,True,7e-05
topics,1,True,7e-05
discussed,2,True,0.00015
philosophers,37,True,0.00269
treated,1,True,7e-05
derived,17,True,0.00123
valuable,4,True,0.00029
assistance,3,True,0.00022
unpublished,1,True,7e-05
writings,2,True,0.00015
moore,1,True,7e-05
keynes,1,True,7e-05
relations,44,True,0.00319
sense,234,True,0.01698
data,138,True,0.01001
physical,101,True,0.00733
objects,95,True,0.00689
probability,18,True,0.00131
induction,15,True,0.00109
profited,1,True,7e-05
greatly,2,True,0.00015
criticisms,1,True,7e-05
suggestions,1,True,7e-05
professor,2,True,0.00015
gilbert,1,True,7e-05
murray,1,True,7e-05
1912,1,True,7e-05
chapter,47,True,0.00341
appearance,15,True,0.00109
reality,16,True,0.00116
reasonable,7,True,0.00051
doubt,38,True,0.00276
question,59,True,0.00428
sight,16,True,0.00116
difficult,23,True,0.00167
realized,1,True,7e-05
obstacles,1,True,7e-05
straightforward,1,True,7e-05
confident,2,True,0.00015
answer,27,True,0.00196
launched,1,True,7e-05
study,12,True,0.00087
attempt,16,True,0.00116
ultimate,7,True,0.00051
questions,27,True,0.00196
carelessly,1,True,7e-05
dogmatically,2,True,0.00015
ordinary,7,True,0.00051
life,32,True,0.00232
sciences,5,True,0.00036
critically,2,True,0.00015
exploring,1,True,7e-05
puzzling,1,True,7e-05
realizing,2,True,0.00015
vagueness,1,True,7e-05
confusion,8,True,0.00058
underlie,1,True,7e-05
ideas,37,True,0.00269
daily,8,True,0.00058
assume,10,True,0.00073
closer,1,True,7e-05
scrutiny,3,True,0.00022
apparent,13,True,0.00094
contradictions,5,True,0.00036
enables,6,True,0.00044
search,4,True,0.00029
certainty,32,True,0.00232
natural,14,True,0.00102
experiences,15,True,0.00109
statement,14,True,0.00102
wrong,6,True,0.00044
sitting,4,True,0.00029
chair,2,True,0.00015
table,93,True,0.00675
shape,24,True,0.00174
sheets,1,True,7e-05
paper,2,True,0.00015
writing,5,True,0.00036
print,4,True,0.00029
head,5,True,0.00036
window,1,True,7e-05
buildings,1,True,7e-05
clouds,1,True,7e-05
sun,31,True,0.00225
miles,1,True,7e-05
earth,7,True,0.00051
hot,1,True,7e-05
globe,1,True,7e-05
times,11,True,0.0008
bigger,1,True,7e-05
earth's,2,True,0.00015
rotation,2,True,0.00015
rises,2,True,0.00015
morning,2,True,0.00015
continue,6,True,0.00044
indefinite,2,True,0.00015
time,67,True,0.00486
future,26,True,0.00189
normal,4,True,0.00029
person,33,True,0.00239
chairs,2,True,0.00015
tables,2,True,0.00015
books,4,True,0.00029
papers,1,True,7e-05
feel,15,True,0.00109
pressing,1,True,7e-05
arm,3,True,0.00022
evident,37,True,0.00269
worth,5,True,0.00036
stating,2,True,0.00015
doubts,2,True,0.00015
doubted,5,True,0.00036
requires,5,True,0.00036
careful,1,True,7e-05
discussion,4,True,0.00029
stated,8,True,0.00058
form,36,True,0.00261
wholly,17,True,0.00123
true,130,True,0.00943
difficulties,7,True,0.00051
plain,17,True,0.00123
concentrate,1,True,7e-05
attention,5,True,0.00036
eye,9,True,0.00065
oblong,2,True,0.00015
brown,14,True,0.00102
shiny,1,True,7e-05
touch,15,True,0.00109
smooth,2,True,0.00015
cool,1,True,7e-05
hard,9,True,0.00065
tap,1,True,7e-05
wooden,1,True,7e-05
sound,8,True,0.00058
feels,2,True,0.00015
hears,2,True,0.00015
agree,12,True,0.00087
description,45,True,0.00327
difficulty,14,True,0.00102
precise,7,True,0.00051
troubles,1,True,7e-05
colour,58,True,0.00421
reflect,5,True,0.00036
light,23,True,0.00167
brighter,1,True,7e-05
white,16,True,0.00116
reflected,3,True,0.00022
distribution,8,True,0.00058
colours,12,True,0.00087
change,5,True,0.00036
people,38,True,0.00276
moment,14,True,0.00102
view,52,True,0.00377
practical,7,True,0.00051
purposes,2,True,0.00015
differences,2,True,0.00015
unimportant,1,True,7e-05
painter,3,True,0.00022
unlearn,1,True,7e-05
habit,6,True,0.00044
thinking,11,True,0.0008
common,36,True,0.00261
learn,7,True,0.00051
distinctions,2,True,0.00015
trouble,1,True,7e-05
distinction,7,True,0.00051
philosopher,10,True,0.00073
philosopher's,1,True,7e-05
stronger,2,True,0.00015
man's,11,True,0.0008
troubled,1,True,7e-05
answering,3,True,0.00022
return,8,True,0.00058
pre,1,True,7e-05
eminently,1,True,7e-05
appears,17,True,0.00123
_the_,2,True,0.00015
artificial,1,True,7e-05
blind,13,True,0.00094
wearing,1,True,7e-05
blue,9,True,0.00065
spectacles,1,True,7e-05
dark,3,True,0.00022
hearing,4,True,0.00029
unchanged,1,True,7e-05
inherent,1,True,7e-05
depending,1,True,7e-05
spectator,3,True,0.00022
falls,1,True,7e-05
speak,9,True,0.00065
sort,42,True,0.00305
usual,3,True,0.00022
conditions,4,True,0.00029
considered,14,True,0.00102
real,53,True,0.00385
avoid,5,True,0.00036
favouritism,1,True,7e-05
compelled,5,True,0.00036
deny,12,True,0.00087
applies,17,True,0.00123
texture,1,True,7e-05
naked,3,True,0.00022
grain,1,True,7e-05
looked,1,True,7e-05
microscope,4,True,0.00029
roughnesses,2,True,0.00015
hills,1,True,7e-05
valleys,1,True,7e-05
sorts,5,True,0.00036
imperceptible,2,True,0.00015
naturally,9,True,0.00065
tempted,1,True,7e-05
changed,1,True,7e-05
powerful,2,True,0.00015
trust,2,True,0.00015
confidence,3,True,0.00022
senses,22,True,0.0016
deserts,1,True,7e-05
judging,11,True,0.0008
shapes,5,True,0.00036
unreflectingly,1,True,7e-05
draw,9,True,0.00065
rectangular,3,True,0.00022
acute,1,True,7e-05
angles,3,True,0.00022
obtuse,1,True,7e-05
parallel,2,True,0.00015
converged,1,True,7e-05
equal,1,True,7e-05
nearer,5,True,0.00036
commonly,10,True,0.00073
noticed,2,True,0.00015
experience,80,True,0.00581
taught,1,True,7e-05
construct,1,True,7e-05
inferred,10,True,0.00073
constantly,6,True,0.00044
changing,2,True,0.00015
truth,89,True,0.00646
sensation,19,True,0.00138
hardness,6,True,0.00044
resists,2,True,0.00015
pressure,1,True,7e-05
depends,12,True,0.00087
press,3,True,0.00022
body,25,True,0.00181
sensations,20,True,0.00145
pressures,1,True,7e-05
supposed,22,True,0.0016
reveal,4,True,0.00029
_directly_,1,True,7e-05
definite,19,True,0.00138
property,19,True,0.00138
_signs_,1,True,7e-05
_causes_,1,True,7e-05
sounds,7,True,0.00051
elicited,4,True,0.00029
rapping,1,True,7e-05
_immediately_,3,True,0.00022
inference,15,True,0.00109
2,12,True,0.00087
object,105,True,0.00762
simple,6,True,0.00044
meaning,11,True,0.0008
smells,1,True,7e-05
hardnesses,1,True,7e-05
aware,24,True,0.00174
_of_,3,True,0.00022
datum,23,True,0.00167
awareness,3,True,0.00022
smoothness,3,True,0.00022
associate,2,True,0.00015
reasons,19,True,0.00138
properties,16,True,0.00116
arises,4,True,0.00029
relation,94,True,0.00682
supposing,9,True,0.00065
exists,33,True,0.00239
collection,14,True,0.00102
called,49,True,0.00356
matter,46,True,0.00334
nature,58,True,0.00421
brought,4,True,0.00029
prominently,4,True,0.00029
existing,9,True,0.00065
independently,10,True,0.00073
bishop,2,True,0.00015
berkeley,21,True,0.00152
1685,1,True,7e-05
1753,1,True,7e-05
_three,2,True,0.00015
dialogues,2,True,0.00015
hylas,3,True,0.00022
philonous,2,True,0.00015
opposition,3,True,0.00022
sceptics,1,True,7e-05
atheists_,1,True,7e-05
undertake,1,True,7e-05
prove,26,True,0.00189
consists,21,True,0.00152
minds,50,True,0.00363
hitherto,8,True,0.00058
believed,13,True,0.00094
match,1,True,7e-05
mercilessly,1,True,7e-05
drives,1,True,7e-05
paradoxes,1,True,7e-05
denial,3,True,0.00022
arguments,16,True,0.00116
employed,4,True,0.00029
confused,1,True,7e-05
quibbling,1,True,7e-05
retains,2,True,0.00015
merit,2,True,0.00015
existence,55,True,0.00399
capable,16,True,0.00116
denied,5,True,0.00036
absurdity,3,True,0.00022
exist,54,True,0.00392
involved,19,True,0.00138
opposed,14,True,0.00102
mind,85,True,0.00617
occupying,1,True,7e-05
radically,6,True,0.00044
incapable,8,True,0.00058
consciousness,8,True,0.00058
chiefly,2,True,0.00015
denies,1,True,7e-05
signs,7,True,0.00051
_something_,1,True,7e-05
independent,19,True,0.00138
mental,35,True,0.00254
entertained,2,True,0.00015
admits,2,True,0.00015
continues,6,True,0.00044
shut,5,True,0.00036
eyes,6,True,0.00044
believing,23,True,0.00167
persists,3,True,0.00022
altogether,5,True,0.00036
_our_,1,True,7e-05
led,14,True,0.00102
idea,31,True,0.00225
god,8,True,0.00058
required,11,True,0.0008
permanence,1,True,7e-05
independence,1,True,7e-05
unknowable,3,True,0.00022
infer,5,True,0.00036
held,17,True,0.00123
depend,13,True,0.00094
apprehended,10,True,0.00073
_some_,5,True,0.00036
collective,1,True,7e-05
universe,31,True,0.00225
hold,11,True,0.0008
rate,10,True,0.00073
feelings,10,True,0.00073
argument,26,True,0.00189
support,8,True,0.00058
inconceivable,2,True,0.00015
opinion,14,True,0.00102
fallacious,6,True,0.00044
advance,4,True,0.00029
shortly,1,True,7e-05
crudely,1,True,7e-05
valid,10,True,0.00073
advanced,3,True,0.00022
majority,1,True,7e-05
idealists,5,True,0.00036
explaining,3,True,0.00022
leibniz,8,True,0.00058
1646,1,True,7e-05
1716,1,True,7e-05
rudimentary,2,True,0.00015
admit,14,True,0.00102
remembered,9,True,0.00065
colony,1,True,7e-05
souls,2,True,0.00015
affirmative,1,True,7e-05
diverge,1,True,7e-05
views,5,True,0.00036
mortals,2,True,0.00015
agreed,5,True,0.00036
occurrence,4,True,0.00029
sign,4,True,0.00029
differing,3,True,0.00022
completely,10,True,0.00073
regarded,12,True,0.00087
causing,1,True,7e-05
suitable,2,True,0.00015
_is_,8,True,0.00058
vitally,2,True,0.00015
accepting,4,True,0.00029
concerned,16,True,0.00116
discovered,7,True,0.00051
appeared,5,True,0.00036
knowing,14,True,0.00102
finding,6,True,0.00044
bewildering,1,True,7e-05
strangest,1,True,7e-05
hypotheses,7,True,0.00051
familiar,6,True,0.00044
roused,1,True,7e-05
slightest,4,True,0.00029
surprising,3,True,0.00022
possibilities,7,True,0.00051
modest,2,True,0.00015
result,19,True,0.00138
complete,6,True,0.00044
liberty,1,True,7e-05
conjecture,1,True,7e-05
tells,8,True,0.00058
community,1,True,7e-05
sober,1,True,7e-05
science,31,True,0.00225
scarcely,6,True,0.00044
wonderful,1,True,7e-05
vast,1,True,7e-05
electric,1,True,7e-05
charges,2,True,0.00015
violent,1,True,7e-05
motion,18,True,0.00131
suggests,2,True,0.00015
_answer_,1,True,7e-05
power,10,True,0.00073
_asking_,1,True,7e-05
increase,1,True,7e-05
strangeness,1,True,7e-05
lying,1,True,7e-05
surface,2,True,0.00015
commonest,2,True,0.00015
intrinsic,9,True,0.00065
product,6,True,0.00044
imagination,7,True,0.00051
dream,9,True,0.00065
prolonged,1,True,7e-05
people's,8,True,0.00058
bodies,8,True,0.00058
grounds,11,True,0.0008
observing,1,True,7e-05
left,9,True,0.00065
desert,1,True,7e-05
outer,8,True,0.00058
uncomfortable,1,True,7e-05
possibility,9,True,0.00065
strictly,7,True,0.00051
proved,18,True,0.00131
false,27,True,0.00196
suppose,35,True,0.00254
embark,1,True,7e-05
matters,6,True,0.00044
fixed,1,True,7e-05
doubting,5,True,0.00036
experienced,10,True,0.00073
psychological,5,True,0.00036
calling,2,True,0.00015
absolutely,3,True,0.00022
descartes,6,True,0.00044
1596,1,True,7e-05
1650,1,True,7e-05
founder,2,True,0.00015
modern,6,True,0.00044
invented,1,True,7e-05
method,7,True,0.00051
profit,2,True,0.00015
systematic,2,True,0.00015
determined,3,True,0.00022
distinctly,1,True,7e-05
bring,3,True,0.00022
applying,2,True,0.00015
gradually,4,True,0.00029
convinced,2,True,0.00015
_quite_,1,True,7e-05
imagined,2,True,0.00015
deceitful,1,True,7e-05
demon,3,True,0.00022
unreal,2,True,0.00015
perpetual,1,True,7e-05
phantasmagoria,1,True,7e-05
improbable,3,True,0.00022
existed,5,True,0.00036
perceived,8,True,0.00058
deceive,1,True,7e-05
absolute,15,True,0.00109
_cogito,1,True,7e-05
ergo,1,True,7e-05
sum_,1,True,7e-05
basis,8,True,0.00058
set,14,True,0.00102
build,1,True,7e-05
laid,2,True,0.00015
ruins,2,True,0.00015
inventing,1,True,7e-05
subjective,3,True,0.00022
performed,6,True,0.00044
service,2,True,0.00015
students,4,True,0.00029
subject,25,True,0.00181
care,6,True,0.00044
day,9,True,0.00065
yesterday,4,True,0.00029
arrive,7,True,0.00051
convincing,1,True,7e-05
belongs,9,True,0.00065
_i_,1,True,7e-05
involves,8,True,0.00058
involve,15,True,0.00109
permanent,7,True,0.00051
momentary,1,True,7e-05
primitive,1,True,7e-05
dreams,12,True,0.00087
hallucinations,2,True,0.00015
perceptions,6,True,0.00044
ghost,3,True,0.00022
corresponds,5,True,0.00036
limited,9,True,0.00065
exceptional,2,True,0.00015
solid,1,True,7e-05
pursuit,2,True,0.00015
granted,6,True,0.00044
enumerated,1,True,7e-05
connected,11,True,0.0008
unhesitatingly,2,True,0.00015
answers,11,True,0.0008
bought,2,True,0.00015
sold,1,True,7e-05
pushed,1,True,7e-05
cloth,3,True,0.00022
_mere_,1,True,7e-05
hides,1,True,7e-05
derive,7,True,0.00051
ceased,4,True,0.00029
suspended,1,True,7e-05
air,5,True,0.00036
resting,1,True,7e-05
miracle,1,True,7e-05
plainly,4,True,0.00029
absurd,5,True,0.00036
wishes,5,True,0.00036
frightened,1,True,7e-05
absurdities,1,True,7e-05
secure,3,True,0.00022
addition,8,True,0.00058
dinner,1,True,7e-05
preposterous,2,True,0.00015
maintain,1,True,7e-05
tablecloth,1,True,7e-05
knives,1,True,7e-05
forks,1,True,7e-05
spoons,1,True,7e-05
glasses,1,True,7e-05
private,21,True,0.00152
separate,6,True,0.00044
public,9,True,0.00065
neutral,4,True,0.00029
occurs,4,True,0.00029
variations,1,True,7e-05
follow,7,True,0.00051
perspective,1,True,7e-05
reflection,10,True,0.00073
easy,7,True,0.00051
underlying,2,True,0.00015
occupant,1,True,7e-05
_his_,2,True,0.00015
died,4,True,0.00029
expectation,2,True,0.00015
underlies,1,True,7e-05
considerations,2,True,0.00015
beg,1,True,7e-05
issue,2,True,0.00015
represented,6,True,0.00044
voices,1,True,7e-05
appeal,4,True,0.00029
testimony,5,True,0.00036
purely,6,True,0.00044
characteristics,9,True,0.00065
tend,2,True,0.00015
admitted,6,True,0.00044
logical,23,True,0.00167
hypothesis,5,True,0.00036
mere,18,True,0.00131
fancy,1,True,7e-05
complicated,3,True,0.00022
waking,5,True,0.00036
delusion,1,True,7e-05
corresponded,1,True,7e-05
assumed,4,True,0.00029
door,2,True,0.00015
banging,1,True,7e-05
instance,34,True,0.00247
naval,2,True,0.00015
engagement,1,True,7e-05
actual,28,True,0.00203
battle,3,True,0.00022
correspond,8,True,0.00058
impossibility,5,True,0.00036
supposition,4,True,0.00029
create,3,True,0.00022
logically,11,True,0.0008
impossible,15,True,0.00109
viewed,2,True,0.00015
accounting,1,True,7e-05
action,4,True,0.00029
simplicity,2,True,0.00015
easily,7,True,0.00051
cat,5,True,0.00036
moved,1,True,7e-05
passing,2,True,0.00015
series,2,True,0.00015
intermediate,2,True,0.00015
positions,4,True,0.00029
suddenly,2,True,0.00015
sprang,1,True,7e-05
understand,21,True,0.00152
hungry,2,True,0.00015
meal,2,True,0.00015
odd,1,True,7e-05
appetite,1,True,7e-05
grow,1,True,7e-05
fast,1,True,7e-05
hunger,3,True,0.00022
behaviour,1,True,7e-05
represent,1,True,7e-05
expression,2,True,0.00015
utterly,2,True,0.00015
inexplicable,1,True,7e-05
movements,1,True,7e-05
patches,3,True,0.00022
triangle,7,True,0.00051
playing,1,True,7e-05
football,1,True,7e-05
compared,1,True,7e-05
human,15,True,0.00109
hear,10,True,0.00073
noises,1,True,7e-05
simultaneously,5,True,0.00036
motions,6,True,0.00044
lips,1,True,7e-05
expressions,1,True,7e-05
emitted,1,True,7e-05
happen,8,True,0.00058
mistaken,4,True,0.00029
suggested,4,True,0.00029
accounted,4,True,0.00029
scientific,8,True,0.00058
principles,50,True,0.00363
principle,54,True,0.00392
urges,1,True,7e-05
adopt,6,True,0.00044
dependent,9,True,0.00065
perceiving,3,True,0.00022
originally,1,True,7e-05
belief,99,True,0.00718
external,2,True,0.00015
ready,2,True,0.00015
_instinctive_,1,True,7e-05
instinctively,3,True,0.00022
identical,5,True,0.00036
discovery,2,True,0.00015
paradoxical,1,True,7e-05
taste,4,True,0.00029
smell,2,True,0.00015
leaves,4,True,0.00029
undiminished,1,True,7e-05
instinctive,11,True,0.0008
_are_,1,True,7e-05
_corresponding_,2,True,0.00015
lead,3,True,0.00022
contrary,14,True,0.00102
simplify,1,True,7e-05
systematize,1,True,7e-05
account,18,True,0.00131
rejecting,4,True,0.00029
slight,4,True,0.00029
continuing,1,True,7e-05
perceive,12,True,0.00087
conclusion,17,True,0.00123
doubtless,1,True,7e-05
strong,4,True,0.00029
typical,1,True,7e-05
philosophical,12,True,0.00087
character,5,True,0.00036
validity,7,True,0.00051
built,2,True,0.00015
beliefs,50,True,0.00363
rejected,4,True,0.00029
association,10,True,0.00073
entangled,1,True,7e-05
falsely,4,True,0.00029
hierarchy,2,True,0.00015
isolated,2,True,0.00015
irrelevant,5,True,0.00036
additions,2,True,0.00015
finally,3,True,0.00022
clash,1,True,7e-05
harmonious,3,True,0.00022
clashes,1,True,7e-05
harmonize,2,True,0.00015
worthy,2,True,0.00015
acceptance,1,True,7e-05
_possible_,1,True,7e-05
element,3,True,0.00022
_reason_,1,True,7e-05
reject,6,True,0.00044
ground,10,True,0.00073
organizing,1,True,7e-05
consequences,1,True,7e-05
modify,1,True,7e-05
abandon,2,True,0.00015
sole,3,True,0.00022
orderly,1,True,7e-05
organization,2,True,0.00015
_possibility_,1,True,7e-05
error,16,True,0.00116
remains,9,True,0.00065
likelihood,2,True,0.00015
diminished,1,True,7e-05
interrelation,1,True,7e-05
critical,6,True,0.00044
preceded,2,True,0.00015
acquiescence,1,True,7e-05
function,2,True,0.00015
perform,3,True,0.00022
rightly,3,True,0.00022
wrongly,3,True,0.00022
attainable,1,True,7e-05
spoken,4,True,0.00029
suffices,2,True,0.00015
begun,1,True,7e-05
adequacy,1,True,7e-05
justify,3,True,0.00022
arduous,1,True,7e-05
labours,2,True,0.00015
iii,1,True,7e-05
preceding,9,True,0.00065
demonstrative,1,True,7e-05
rational,2,True,0.00015
noise,4,True,0.00029
appearances,1,True,7e-05
ceases,5,True,0.00036
remove,2,True,0.00015
contact,7,True,0.00051
cease,4,True,0.00029
rap,2,True,0.00015
knuckles,2,True,0.00015
continuously,1,True,7e-05
reappear,1,True,7e-05
replace,3,True,0.00022
perception,12,True,0.00087
incomplete,9,True,0.00065
hypothetical,3,True,0.00022
deserving,1,True,7e-05
respect,4,True,0.00029
unconsciously,2,True,0.00015
drifted,1,True,7e-05
phenomena,9,True,0.00065
reduced,2,True,0.00015
heat,2,True,0.00015
wave,10,True,0.00073
travel,3,True,0.00022
emitting,1,True,7e-05
aether,1,True,7e-05
gross,3,True,0.00022
assigns,1,True,7e-05
position,8,True,0.00058
_may_,1,True,7e-05
assist,1,True,7e-05
misleading,6,True,0.00044
_not_,2,True,0.00015
convey,2,True,0.00015
acquire,5,True,0.00036
sea,1,True,7e-05
voyage,1,True,7e-05
_light_,2,True,0.00015
caused,5,True,0.00036
waves,6,True,0.00044
nerves,2,True,0.00015
brain,2,True,0.00015
meant,9,True,0.00065
remarks,1,True,7e-05
apply,9,True,0.00065
kinds,11,True,0.0008
absent,3,True,0.00022
_space_,1,True,7e-05
essential,7,True,0.00051
_a_,5,True,0.00036
infancy,1,True,7e-05
touching,3,True,0.00022
circular,4,True,0.00029
coin,1,True,7e-05
_judge_,1,True,7e-05
_look_,1,True,7e-05
oval,1,True,7e-05
straight,7,True,0.00051
judge,12,True,0.00087
intrinsically,4,True,0.00029
concerns,3,True,0.00022
anybody's,1,True,7e-05
_apparent_,1,True,7e-05
percipient,2,True,0.00015
_private_,1,True,7e-05
spaces,11,True,0.0008
_connected_,1,True,7e-05
manner,5,True,0.00036
connexion,19,True,0.00138
investigation,2,True,0.00015
provisionally,1,True,7e-05
_causing_,1,True,7e-05
notice,5,True,0.00036
organs,3,True,0.00022
close,2,True,0.00015
occupied,3,True,0.00022
roughly,2,True,0.00015
speaking,9,True,0.00065
opaque,1,True,7e-05
touches,1,True,7e-05
tongue,1,True,7e-05
circumstances,6,True,0.00044
relative,4,True,0.00029
determine,3,True,0.00022
situated,1,True,7e-05
vaguer,1,True,7e-05
embracing,1,True,7e-05
road,5,True,0.00036
house,3,True,0.00022
bear,2,True,0.00015
reached,2,True,0.00015
sooner,5,True,0.00036
walk,1,True,7e-05
ordnance,1,True,7e-05
map,2,True,0.00015
spatial,3,True,0.00022
houses,2,True,0.00015
dealt,6,True,0.00044
geometry,5,True,0.00036
physics,1,True,7e-05
astronomy,2,True,0.00015
assuming,6,True,0.00044
_only_,2,True,0.00015
correspondence,10,True,0.00073
arrangement,3,True,0.00022
moon,2,True,0.00015
eclipse,1,True,7e-05
visual,2,True,0.00015
_relations_,4,True,0.00029
distances,5,True,0.00036
distance,3,True,0.00022
acquaintance,78,True,0.00566
born,4,True,0.00029
preserve,3,True,0.00022
_feeling_,1,True,7e-05
duration,2,True,0.00015
lapse,1,True,7e-05
notoriously,2,True,0.00015
unsafe,1,True,7e-05
guide,1,True,7e-05
elapsed,1,True,7e-05
clock,1,True,7e-05
bored,1,True,7e-05
suffering,1,True,7e-05
pain,2,True,0.00015
pass,10,True,0.00073
slowly,1,True,7e-05
agreeably,1,True,7e-05
sleeping,1,True,7e-05
constituted,6,True,0.00044
necessity,7,True,0.00051
distinguishing,3,True,0.00022
_order_,2,True,0.00015
events,4,True,0.00029
regiment,2,True,0.00015
marching,1,True,7e-05
arranged,2,True,0.00015
preservation,1,True,7e-05
guard,2,True,0.00015
misunderstanding,1,True,7e-05
constitute,6,True,0.00044
thunder,3,True,0.00022
lightning,5,True,0.00036
simultaneous,2,True,0.00015
disturbance,3,True,0.00022
travelled,2,True,0.00015
takes,2,True,0.00015
minutes,4,True,0.00029
sun's,1,True,7e-05
reach,7,True,0.00051
afford,3,True,0.00022
evidence,42,True,0.00305
difference,11,True,0.0008
affords,2,True,0.00015
fresh,8,True,0.00058
illustration,6,True,0.00044
counterparts,1,True,7e-05
red,19,True,0.00138
presume,2,True,0.00015
similarity,2,True,0.00015
hope,10,True,0.00073
acquainted,71,True,0.00515
quality,11,True,0.0008
direct,9,True,0.00065
familiarity,2,True,0.00015
holds,5,True,0.00036
closely,2,True,0.00015
knowable,1,True,7e-05
remain,12,True,0.00087
unknown,3,True,0.00022
discovering,5,True,0.00036
ultimately,5,True,0.00036
defensible,1,True,7e-05
_exactly_,1,True,7e-05
luck,2,True,0.00015
medium,8,True,0.00058
shades,5,True,0.00036
refuted,2,True,0.00015
groundless,1,True,7e-05
strike,1,True,7e-05
modified,2,True,0.00015
intervening,2,True,0.00015
direction,6,True,0.00044
alters,1,True,7e-05
perfectly,6,True,0.00044
alter,2,True,0.00015
ray,2,True,0.00015
reaches,3,True,0.00022
simply,6,True,0.00044
gratuitous,1,True,7e-05
justification,3,True,0.00022
enabling,2,True,0.00015
explained,3,True,0.00022
contended,1,True,7e-05
favour,8,True,0.00058
iv,3,True,0.00022
idealism,6,True,0.00044
word,38,True,0.00276
doctrine,4,True,0.00029
forms,5,True,0.00036
advocated,6,True,0.00044
briefest,1,True,7e-05
survey,4,True,0.00029
unaccustomed,1,True,7e-05
speculation,3,True,0.00022
inclined,2,True,0.00015
dismiss,1,True,7e-05
material,5,True,0.00036
contents,3,True,0.00022
activity,1,True,7e-05
dismissed,2,True,0.00015
_correspondence_,1,True,7e-05
catalogue,1,True,7e-05
catalogued,1,True,7e-05
legitimately,1,True,7e-05
strikes,1,True,7e-05
strange,5,True,0.00036
_must_,6,True,0.00044
unattainable,1,True,7e-05
believes,18,True,0.00131
attained,3,True,0.00022
offers,3,True,0.00022
objection,4,True,0.00029
satisfy,2,True,0.00015
establish,4,True,0.00029
smelling,1,True,7e-05
tasting,1,True,7e-05
contention,1,True,7e-05
argue,5,True,0.00036
assure,1,True,7e-05
concluded,1,True,7e-05
voice,1,True,7e-05
term,1,True,7e-05
remembering,2,True,0.00015
imagining,2,True,0.00015
calls,5,True,0.00036
proceeds,1,True,7e-05
tree,22,True,0.0016
argues,1,True,7e-05
latin,1,True,7e-05
schoolmen,1,True,7e-05
_esse_,1,True,7e-05
_percipi_,1,True,7e-05
continued,1,True,7e-05
god's,2,True,0.00015
consist,4,True,0.00029
partial,3,True,0.00022
participation,2,True,0.00015
fallacies,1,True,7e-05
history,3,True,0.00022
engendered,1,True,7e-05
essentially,8,True,0.00058
somebody's,1,True,7e-05
told,3,True,0.00022
notion,3,True,0.00022
ambiguous,6,True,0.00044
bearing,2,True,0.00015
business,6,True,0.00044
arrange,1,True,7e-05
clean,1,True,7e-05
imply,2,True,0.00015
arguing,1,True,7e-05
committed,2,True,0.00015
competent,1,True,7e-05
attendant,2,True,0.00015
rendered,3,True,0.00022
deeply,1,True,7e-05
disentangle,2,True,0.00015
treating,1,True,7e-05
seeks,2,True,0.00015
purpose,5,True,0.00036
dependence,1,True,7e-05
useless,3,True,0.00022
previous,11,True,0.0008
concern,4,True,0.00029
berkeley's,5,True,0.00036
distinct,3,True,0.00022
hand,7,True,0.00051
apprehending,2,True,0.00015
undoubtedly,4,True,0.00029
plausibility,1,True,7e-05
confusing,1,True,7e-05
apprehension,3,True,0.00022
assent,2,True,0.00015
forgetting,1,True,7e-05
acts,4,True,0.00029
transfer,1,True,7e-05
proposition,61,True,0.00443
unconscious,1,True,7e-05
equivocation,1,True,7e-05
apprehend,3,True,0.00022
analysis,8,True,0.00058
fallacy,1,True,7e-05
rests,4,True,0.00029
acquiring,2,True,0.00015
bound,3,True,0.00022
faculty,1,True,7e-05
characteristic,6,True,0.00044
constitutes,5,True,0.00036
mind's,2,True,0.00015
unduly,3,True,0.00022
limiting,1,True,7e-05
uttering,2,True,0.00015
tautology,2,True,0.00015
_in_,1,True,7e-05
_before_,1,True,7e-05
_in,3,True,0.00022
sense_,3,True,0.00022
realize,5,True,0.00036
substance,2,True,0.00015
truism,4,True,0.00029
relevant,2,True,0.00015
implied,6,True,0.00044
obscure,1,True,7e-05
composed,6,True,0.00044
chimaera,1,True,7e-05
stage,4,True,0.00029
raises,6,True,0.00044
requiring,2,True,0.00015
considerable,3,True,0.00022
preliminary,3,True,0.00022
_practical_,1,True,7e-05
_theoretical_,1,True,7e-05
persons,1,True,7e-05
desirous,1,True,7e-05
suspect,2,True,0.00015
desire,10,True,0.00073
satisfying,1,True,7e-05
thwarting,1,True,7e-05
applicable,12,True,0.00087
_true_,6,True,0.00044
convictions,3,True,0.00022
_judgements_,1,True,7e-05
_that_,1,True,7e-05
_truths_,3,True,0.00022
_things_,2,True,0.00015
_acquaintance_,5,True,0.00036
_savoir_,1,True,7e-05
_connaître_,1,True,7e-05
french,2,True,0.00015
_wissen_,1,True,7e-05
_kennen_,1,True,7e-05
german,8,True,0.00058
palpable,1,True,7e-05
falsehood,28,True,0.00203
honour,1,True,7e-05
emperor,2,True,0.00015
china,2,True,0.00015
retort,1,True,7e-05
demands,3,True,0.00022
elucidation,1,True,7e-05
conversely,2,True,0.00015
judgement,40,True,0.0029
_description_,3,True,0.00022
virtue,5,True,0.00036
deal,6,True,0.00044
subjects,3,True,0.00022
chapters,5,True,0.00036
truths,49,True,0.00356
exclusively,6,True,0.00044
distinguish,7,True,0.00051
simpler,3,True,0.00022
rash,2,True,0.00015
source,8,True,0.00058
intermediary,1,True,7e-05
process,9,True,0.00065
presence,1,True,7e-05
conscious,3,True,0.00022
shade,5,True,0.00036
statements,6,True,0.00044
theoretically,6,True,0.00044
describes,1,True,7e-05
connecting,1,True,7e-05
foundation,27,True,0.00196
supply,3,True,0.00022
obvious,10,True,0.00073
striking,1,True,7e-05
restricted,1,True,7e-05
abstract,10,True,0.00073
universals,59,True,0.00428
tolerably,1,True,7e-05
adequate,2,True,0.00015
extension,3,True,0.00022
_memory_,2,True,0.00015
remember,3,True,0.00022
heard,4,True,0.00029
spite,11,True,0.0008
memory,23,True,0.00167
_introspection_,1,True,7e-05
food,9,True,0.00065
desiring,1,True,7e-05
feeling,5,True,0.00036
pleasure,2,True,0.00015
unable,3,True,0.00022
imagine,6,True,0.00044
animals,6,True,0.00044
_doubt_,1,True,7e-05
_self_,2,True,0.00015
bare,2,True,0.00015
positively,1,True,7e-05
represents,2,True,0.00015
representing,1,True,7e-05
adduced,1,True,7e-05
_probably_,3,True,0.00022
occur,7,True,0.00051
wise,1,True,7e-05
assert,7,True,0.00051
sum,3,True,0.00022
introspection,2,True,0.00015
desires,5,True,0.00036
probable,20,True,0.00145
_universals_,1,True,7e-05
_whiteness_,3,True,0.00022
_diversity_,1,True,7e-05
_brotherhood_,1,True,7e-05
sentence,8,True,0.00058
stands,6,True,0.00044
universal,30,True,0.00218
verbs,7,True,0.00051
ix,2,True,0.00015
existent,1,True,7e-05
_conceiving_,1,True,7e-05
_concept_,1,True,7e-05
phrase,9,True,0.00065
singular,2,True,0.00015
iron,5,True,0.00036
mask,5,True,0.00036
descriptions,9,True,0.00065
discussing,4,True,0.00029
sequel,1,True,7e-05
propositions,30,True,0.00218
candidate,7,True,0.00051
votes,3,True,0.00022
elected,1,True,7e-05
candidates,2,True,0.00015
descriptive,1,True,7e-05
unionist,4,True,0.00029
constituency,4,True,0.00029
proper,5,True,0.00036
names,3,True,0.00022
correctly,2,True,0.00015
expressed,2,True,0.00015
explicitly,1,True,7e-05
express,5,True,0.00036
vary,2,True,0.00015
constant,5,True,0.00036
illustrations,1,True,7e-05
bismarck,15,True,0.00109
oneself,1,True,7e-05
designate,1,True,7e-05
constituent,4,True,0.00029
standing,2,True,0.00015
bismarck's,1,True,7e-05
chance,1,True,7e-05
friend's,2,True,0.00015
accidental,1,True,7e-05
entity,6,True,0.00044
vague,4,True,0.00029
mass,2,True,0.00015
historical,2,True,0.00015
identify,2,True,0.00015
sake,4,True,0.00029
chancellor,4,True,0.00029
empire,5,True,0.00036
meanings,1,True,7e-05
recall,2,True,0.00015
travels,1,True,7e-05
germany,2,True,0.00015
reference,6,True,0.00044
mention,1,True,7e-05
dates,1,True,7e-05
_logically_,2,True,0.00015
lived,3,True,0.00022
involving,6,True,0.00044
judgements,23,True,0.00167
astute,4,True,0.00029
diplomatist,4,True,0.00029
assured,1,True,7e-05
read,6,True,0.00044
particulars,26,True,0.00189
concepts,2,True,0.00015
london,11,True,0.0008
england,1,True,7e-05
europe,1,True,7e-05
solar,2,True,0.00015
logic,30,True,0.00218
_intend_,1,True,7e-05
defeated,1,True,7e-05
_describe_,1,True,7e-05
affirm,2,True,0.00015
describing,1,True,7e-05
asserting,3,True,0.00022
communicate,1,True,7e-05
varying,1,True,7e-05
employ,2,True,0.00015
correct,4,True,0.00029
stages,1,True,7e-05
removal,1,True,7e-05
progressively,1,True,7e-05
removed,4,True,0.00029
deducible,2,True,0.00015
wore,1,True,7e-05
fourth,1,True,7e-05
definition,16,True,0.00116
region,2,True,0.00015
reducible,1,True,7e-05
fundamental,7,True,0.00051
_every,1,True,7e-05
constituents,9,True,0.00065
acquainted_,1,True,7e-05
objections,5,True,0.00036
urged,3,True,0.00022
meet,3,True,0.00022
conceivable,1,True,7e-05
entertain,3,True,0.00022
attach,2,True,0.00015
utter,2,True,0.00015
julius,4,True,0.00029
caesar,4,True,0.00029
assassinated,1,True,7e-05
ides,1,True,7e-05
march,1,True,7e-05
roman,1,True,7e-05
_julius,2,True,0.00015
caesar_,2,True,0.00015
chief,6,True,0.00044
limits,5,True,0.00036
narrow,6,True,0.00044
range,1,True,7e-05
vital,2,True,0.00015
understood,6,True,0.00044
mysterious,3,True,0.00022
discussions,2,True,0.00015
supplies,2,True,0.00015
inferences,5,True,0.00036
individual,6,True,0.00044
drawn,1,True,7e-05
earlier,4,True,0.00029
extend,1,True,7e-05
sphere,2,True,0.00015
exceedingly,1,True,7e-05
effected,1,True,7e-05
rise,10,True,0.00073
morrow,11,True,0.0008
outcome,1,True,7e-05
justified,4,True,0.00029
ascertain,2,True,0.00015
suffice,4,True,0.00029
actions,2,True,0.00015
based,14,True,0.00102
risen,2,True,0.00015
firm,2,True,0.00015
challenged,2,True,0.00015
heretofore,1,True,7e-05
freely,5,True,0.00036
rotating,1,True,7e-05
rotate,1,True,7e-05
interferes,1,True,7e-05
interfere,2,True,0.00015
operation,5,True,0.00036
raised,5,True,0.00036
sunrise,3,True,0.00022
operated,1,True,7e-05
fulfilment,1,True,7e-05
countless,1,True,7e-05
_any_,1,True,7e-05
law,53,True,0.00385
fulfilled,5,True,0.00036
expecting,4,True,0.00029
bread,2,True,0.00015
eat,2,True,0.00015
poison,2,True,0.00015
expectations,12,True,0.00087
control,2,True,0.00015
lives,2,True,0.00015
observed,6,True,0.00044
_probable_,2,True,0.00015
seek,6,True,0.00044
proof,10,True,0.00073
_likely_,1,True,7e-05
dealing,7,True,0.00051
hopeless,1,True,7e-05
confusions,1,True,7e-05
frequent,2,True,0.00015
repetition,1,True,7e-05
uniform,2,True,0.00015
succession,2,True,0.00015
coexistence,3,True,0.00022
_cause_,2,True,0.00015
occasion,2,True,0.00015
severe,1,True,7e-05
shock,1,True,7e-05
unusual,1,True,7e-05
tactile,1,True,7e-05
expect,6,True,0.00044
horrors,1,True,7e-05
stories,1,True,7e-05
fails,3,True,0.00022
uneducated,1,True,7e-05
surprised,1,True,7e-05
incredulous,1,True,7e-05
native,1,True,7e-05
horse,2,True,0.00015
driven,5,True,0.00036
drive,1,True,7e-05
domestic,2,True,0.00015
feeds,1,True,7e-05
crude,4,True,0.00029
uniformity,4,True,0.00029
liable,5,True,0.00036
fed,1,True,7e-05
chicken,4,True,0.00029
wrings,1,True,7e-05
neck,3,True,0.00022
refined,1,True,7e-05
misleadingness,1,True,7e-05
happened,6,True,0.00044
instincts,1,True,7e-05
unexpectedly,1,True,7e-05
wrung,2,True,0.00015
uniformities,3,True,0.00022
weight,1,True,7e-05
discuss,1,True,7e-05
exceptions,9,True,0.00065
disappoint,1,True,7e-05
habitually,1,True,7e-05
assumes,3,True,0.00022
rules,3,True,0.00022
replaced,1,True,7e-05
unsupported,1,True,7e-05
fall,4,True,0.00029
rule,4,True,0.00029
balloons,2,True,0.00015
aeroplanes,2,True,0.00015
gravitation,6,True,0.00044
falsified,1,True,7e-05
destroyed,1,True,7e-05
infringed,1,True,7e-05
event,3,True,0.00022
extends,1,True,7e-05
remarkably,1,True,7e-05
successful,3,True,0.00022
conceded,2,True,0.00015
brings,2,True,0.00015
argued,2,True,0.00015
resemble,6,True,0.00044
futures,6,True,0.00044
begs,1,True,7e-05
answered,2,True,0.00015
starts,1,True,7e-05
enable,5,True,0.00036
geology,1,True,7e-05
theories,3,True,0.00022
origin,1,True,7e-05
occurring,2,True,0.00015
practically,3,True,0.00022
_prove_,1,True,7e-05
demonstratively,1,True,7e-05
examine,8,True,0.00058
oftener,1,True,7e-05
_almost_,1,True,7e-05
repetitions,2,True,0.00015
failure,4,True,0.00029
advocating,1,True,7e-05
reign,3,True,0.00022
observation,3,True,0.00022
fit,3,True,0.00022
practice,1,True,7e-05
unexamined,2,True,0.00015
examining,3,True,0.00022
_principle,1,True,7e-05
induction_,1,True,7e-05
dissociated,1,True,7e-05
sufficient,5,True,0.00036
approach,5,True,0.00036
limit,3,True,0.00022
verification,1,True,7e-05
single,17,True,0.00123
_always_,2,True,0.00015
increased,3,True,0.00022
repeat,1,True,7e-05
_might_,1,True,7e-05
gravely,1,True,7e-05
swans,4,True,0.00029
disproved,3,True,0.00022
black,2,True,0.00015
render,2,True,0.00015
variable,1,True,7e-05
species,1,True,7e-05
peculiarly,1,True,7e-05
proving,2,True,0.00015
estimated,1,True,7e-05
fail,2,True,0.00015
fulfil,2,True,0.00015
class,5,True,0.00036
inductive,19,True,0.00138
_disproved_,1,True,7e-05
equally,10,True,0.00073
_proved_,1,True,7e-05
conceivably,1,True,7e-05
confirm,2,True,0.00015
examined,5,True,0.00036
unexperienced,1,True,7e-05
begging,1,True,7e-05
accept,3,True,0.00022
forgo,1,True,7e-05
unsound,1,True,7e-05
nourishing,2,True,0.00015
stone,1,True,7e-05
throw,1,True,7e-05
roof,1,True,7e-05
friend,1,True,7e-05
approaching,1,True,7e-05
inhabited,1,True,7e-05
worst,1,True,7e-05
enemy,2,True,0.00015
total,2,True,0.00015
stranger,1,True,7e-05
conduct,1,True,7e-05
associations,2,True,0.00015
mankind,2,True,0.00015
innumerable,4,True,0.00029
instances,22,True,0.0016
confute,1,True,7e-05
concrete,3,True,0.00022
applications,3,True,0.00022
firmly,4,True,0.00029
rooted,1,True,7e-05
debated,1,True,7e-05
scope,8,True,0.00058
degree,20,True,0.00145
vii,2,True,0.00015
stand,7,True,0.00051
drawing,2,True,0.00015
apt,5,True,0.00036
overlooked,2,True,0.00015
obviousness,2,True,0.00015
assumption,2,True,0.00015
assented,1,True,7e-05
application,1,True,7e-05
particularity,2,True,0.00015
generality,1,True,7e-05
affirmed,2,True,0.00015
teaching,2,True,0.00015
arithmetic,11,True,0.0008
learnt,1,True,7e-05
pair,3,True,0.00022
couples,7,True,0.00051
month,1,True,7e-05
_if_,4,True,0.00029
15th,3,True,0.00022
16th,2,True,0.00015
dined,1,True,7e-05
jones,7,True,0.00051
diary,1,True,7e-05
premisses,15,True,0.00109
implies,3,True,0.00022
demonstrations,2,True,0.00015
appealing,2,True,0.00015
trivial,4,True,0.00029
indubitable,5,True,0.00036
singled,2,True,0.00015
tradition,2,True,0.00015
_the,4,True,0.00029
identity_,1,True,7e-05
contradiction_,1,True,7e-05
3,13,True,0.00094
excluded,2,True,0.00015
middle_,1,True,7e-05
samples,1,True,7e-05
premiss,6,True,0.00044
behave,1,True,7e-05
_truly_,2,True,0.00015
_certainly_,1,True,7e-05
historic,1,True,7e-05
controversies,2,True,0.00015
controversy,2,True,0.00015
schools,2,True,0.00015
empiricists,8,True,0.00058
rationalists,9,True,0.00065
british,1,True,7e-05
locke,1,True,7e-05
hume,7,True,0.00051
maintained,7,True,0.00051
continental,1,True,7e-05
seventeenth,1,True,7e-05
century,1,True,7e-05
innate,4,True,0.00029
decide,3,True,0.00022
opposing,2,True,0.00015
presupposes,3,True,0.00022
connexions,3,True,0.00022
exemplify,1,True,7e-05
babies,1,True,7e-05
deduced,18,True,0.00131
_a,56,True,0.00406
priori_,56,True,0.00406
objectionable,1,True,7e-05
writers,1,True,7e-05
admitting,1,True,7e-05
directs,1,True,7e-05
_exist_,3,True,0.00022
reading,4,True,0.00029
consideration,7,True,0.00051
deduce,5,True,0.00036
exemplified,3,True,0.00022
repeatedly,1,True,7e-05
_empirical_,1,True,7e-05
partly,6,True,0.00044
asserts,7,True,0.00051
empirical,15,True,0.00109
ethical,4,True,0.00029
virtuous,1,True,7e-05
require,6,True,0.00044
desirability,1,True,7e-05
secures,1,True,7e-05
happiness,1,True,7e-05
desirable,1,True,7e-05
misery,1,True,7e-05
ignorance,1,True,7e-05
goodwill,1,True,7e-05
hatred,1,True,7e-05
bad,3,True,0.00022
ethics,2,True,0.00015
deducing,1,True,7e-05
established,2,True,0.00015
pure,11,True,0.0008
mathematics,7,True,0.00051
strenuously,2,True,0.00015
geography,1,True,7e-05
repeated,2,True,0.00015
proceed,7,True,0.00051
persuading,1,True,7e-05
abstractly,1,True,7e-05
coins,1,True,7e-05
divest,1,True,7e-05
_typical_,1,True,7e-05
examination,4,True,0.00029
unnecessary,3,True,0.00022
whitehead,1,True,7e-05
_introduction,1,True,7e-05
mathematics_,1,True,7e-05
university,1,True,7e-05
library,2,True,0.00015
_all_,5,True,0.00036
triangles,5,True,0.00036
share,5,True,0.00036
growing,1,True,7e-05
attested,1,True,7e-05
generalizations,6,True,0.00044
conform,3,True,0.00022
clearer,2,True,0.00015
genuinely,1,True,7e-05
generalization,5,True,0.00036
mortal,19,True,0.00138
living,4,True,0.00029
age,4,True,0.00029
physiological,1,True,7e-05
organism,2,True,0.00015
wear,1,True,7e-05
neglecting,1,True,7e-05
men's,1,True,7e-05
mortality,1,True,7e-05
content,2,True,0.00015
dying,3,True,0.00022
carefully,2,True,0.00015
persuade,2,True,0.00015
forced,4,True,0.00029
worlds,4,True,0.00029
swift,1,True,7e-05
invites,1,True,7e-05
race,2,True,0.00015
struldbugs,1,True,7e-05
die,1,True,7e-05
acquiesce,1,True,7e-05
level,1,True,7e-05
upset,1,True,7e-05
fabric,1,True,7e-05
reduce,1,True,7e-05
mathematical,4,True,0.00029
inferring,1,True,7e-05
utility,3,True,0.00022
_deduction_,1,True,7e-05
_induction_,1,True,7e-05
debate,1,True,7e-05
deduction,5,True,0.00036
_new_,1,True,7e-05
robinson,6,True,0.00044
smith,6,True,0.00044
contained,2,True,0.00015
newness,1,True,7e-05
stock,2,True,0.00015
socrates,14,True,0.00102
foolish,1,True,7e-05
roundabout,1,True,7e-05
illustrates,2,True,0.00015
mode,1,True,7e-05
preferable,1,True,7e-05
warrants,1,True,7e-05
uncertain,1,True,7e-05
occupy,5,True,0.00036
infinite,9,True,0.00065
kant,19,True,0.00138
1724,1,True,7e-05
1804,1,True,7e-05
historically,1,True,7e-05
viii,1,True,7e-05
immanuel,1,True,7e-05
war,2,True,0.00015
revolution,1,True,7e-05
interrupted,1,True,7e-05
königsberg,1,True,7e-05
east,1,True,7e-05
prussia,1,True,7e-05
distinctive,2,True,0.00015
contribution,1,True,7e-05
inquired,1,True,7e-05
inquiry,4,True,0.00029
metaphysical,4,True,0.00029
deserves,1,True,7e-05
credit,2,True,0.00015
analytic,6,True,0.00044
contradictory,5,True,0.00036
illustrated,1,True,7e-05
examples,2,True,0.00015
bald,3,True,0.00022
plane,1,True,7e-05
figure,2,True,0.00015
poet,2,True,0.00015
asserted,2,True,0.00015
enunciated,1,True,7e-05
orator,1,True,7e-05
preparing,1,True,7e-05
piece,10,True,0.00073
sophistry,1,True,7e-05
predicate,3,True,0.00022
analysing,2,True,0.00015
contradiction,19,True,0.00138
attempted,2,True,0.00015
baldness,1,True,7e-05
contradict,1,True,7e-05
sufficed,1,True,7e-05
1711,1,True,7e-05
76,1,True,7e-05
notably,2,True,0.00015
synthetic,3,True,0.00022
educated,1,True,7e-05
rationalist,1,True,7e-05
perturbed,1,True,7e-05
hume's,1,True,7e-05
scepticism,4,True,0.00029
endeavoured,2,True,0.00015
7,5,True,0.00036
12,3,True,0.00022
adding,1,True,7e-05
solution,3,True,0.00022
sceptical,1,True,7e-05
inadequate,2,True,0.00015
gain,1,True,7e-05
enumeration,1,True,7e-05
inhabitants,1,True,7e-05
anticipating,1,True,7e-05
kant's,6,True,0.00044
merest,1,True,7e-05
outline,2,True,0.00015
exponents,1,True,7e-05
elements,1,True,7e-05
distinguished,4,True,0.00029
interaction,2,True,0.00015
agreement,19,True,0.00138
apportions,1,True,7e-05
shares,2,True,0.00015
considers,2,True,0.00015
comparison,3,True,0.00022
causality,2,True,0.00015
phenomenon,2,True,0.00015
joint,1,True,7e-05
reconcile,1,True,7e-05
contentions,1,True,7e-05
_definition_,2,True,0.00015
inconsistency,1,True,7e-05
categories,1,True,7e-05
minor,1,True,7e-05
criticized,1,True,7e-05
fatal,1,True,7e-05
contributed,1,True,7e-05
occurred,2,True,0.00015
destroys,1,True,7e-05
universality,2,True,0.00015
anxious,2,True,0.00015
vindicate,1,True,7e-05
arithmetical,3,True,0.00022
formally,1,True,7e-05
inconsistent,2,True,0.00015
kantian,1,True,7e-05
imposed,2,True,0.00015
assertion,6,True,0.00044
failing,1,True,7e-05
special,7,True,0.00051
doctrines,2,True,0.00015
named,4,True,0.00029
erroneous,11,True,0.0008
intended,1,True,7e-05
beech,10,True,0.00073
_thought_,3,True,0.00022
outward,1,True,7e-05
_this_,1,True,7e-05
subsequent,1,True,7e-05
_think_,4,True,0.00029
_be_,1,True,7e-05
save,1,True,7e-05
emphatically,1,True,7e-05
constitution,2,True,0.00015
entities,8,True,0.00058
properly,2,True,0.00015
speech,1,True,7e-05
substantives,5,True,0.00036
qualities,6,True,0.00044
denotes,4,True,0.00029
produces,3,True,0.00022
judges,5,True,0.00036
earwig,3,True,0.00022
develop,2,True,0.00015
plato,8,True,0.00058
plato's,3,True,0.00022
solve,1,True,7e-05
attempts,4,True,0.00029
modifications,1,True,7e-05
arose,1,True,7e-05
_justice_,2,True,0.00015
justice,4,True,0.00029
partake,2,True,0.00015
essence,7,True,0.00051
admixture,1,True,7e-05
multiplicity,1,True,7e-05
whiteness,16,True,0.00116
participate,2,True,0.00015
fleeting,2,True,0.00015
changeable,1,True,7e-05
eternally,1,True,7e-05
immutable,1,True,7e-05
indestructible,1,True,7e-05
supra,1,True,7e-05
unchangeable,2,True,0.00015
pale,2,True,0.00015
belong,3,True,0.00022
succeed,3,True,0.00022
mysticism,1,True,7e-05
mystic,1,True,7e-05
illumination,1,True,7e-05
heaven,1,True,7e-05
mystical,1,True,7e-05
developments,1,True,7e-05
acquired,2,True,0.00015
applied,1,True,7e-05
_particular_,1,True,7e-05
_universal_,1,True,7e-05
shared,2,True,0.00015
broadly,4,True,0.00029
adjectives,5,True,0.00036
prepositions,6,True,0.00044
pronouns,2,True,0.00015
context,2,True,0.00015
nearest,1,True,7e-05
dictionary,1,True,7e-05
realizes,2,True,0.00015
dwell,3,True,0.00022
charles,5,True,0.00036
i's,2,True,0.00015
cut,2,True,0.00015
cutting,1,True,7e-05
insubstantial,1,True,7e-05
demand,4,True,0.00029
avoiding,1,True,7e-05
forces,1,True,7e-05
recognized,2,True,0.00015
omission,1,True,7e-05
spinoza,3,True,0.00022
nouns,1,True,7e-05
neglect,2,True,0.00015
attributing,1,True,7e-05
expressing,2,True,0.00015
interact,1,True,7e-05
bradley,1,True,7e-05
_monism_,1,True,7e-05
nowadays,1,True,7e-05
_monadism_,1,True,7e-05
_monad_,1,True,7e-05
philosophies,2,True,0.00015
undue,1,True,7e-05
_qualities_,2,True,0.00015
image,8,True,0.00058
processes,1,True,7e-05
beginner,1,True,7e-05
reasoning,10,True,0.00073
emerges,1,True,7e-05
_triangularity_,1,True,7e-05
choose,3,True,0.00022
patch,10,True,0.00073
resemblance,10,True,0.00073
chosen,1,True,7e-05
pairs,4,True,0.00029
resemblances,1,True,7e-05
invent,2,True,0.00015
unplausible,1,True,7e-05
admission,2,True,0.00015
triangularity,1,True,7e-05
failed,2,True,0.00015
refutation,2,True,0.00015
rejection,1,True,7e-05
adversaries,1,True,7e-05
deductions,3,True,0.00022
touched,2,True,0.00015
edinburgh,9,True,0.00065
north,11,True,0.0008
subsists,2,True,0.00015
coming,1,True,7e-05
south,1,True,7e-05
decided,3,True,0.00022
presupposed,1,True,7e-05
relates,6,True,0.00044
apprehends,1,True,7e-05
met,3,True,0.00022
nowhen,1,True,7e-05
peculiar,1,True,7e-05
ambiguity,3,True,0.00022
strict,4,True,0.00029
_object_,2,True,0.00015
guarded,1,True,7e-05
rob,1,True,7e-05
convenient,1,True,7e-05
_existing_,1,True,7e-05
excluding,1,True,7e-05
_subsist_,1,True,7e-05
_have,1,True,7e-05
being_,1,True,7e-05
timeless,1,True,7e-05
rigid,1,True,7e-05
exact,1,True,7e-05
delightful,1,True,7e-05
mathematician,3,True,0.00022
logician,1,True,7e-05
builder,1,True,7e-05
systems,2,True,0.00015
love,11,True,0.0008
perfection,1,True,7e-05
sharp,1,True,7e-05
boundaries,2,True,0.00015
plan,2,True,0.00015
harm,1,True,7e-05
temperaments,1,True,7e-05
prefer,4,True,0.00029
contemplation,13,True,0.00094
shadow,1,True,7e-05
claim,5,True,0.00036
impartial,1,True,7e-05
metaphysician,2,True,0.00015
solves,1,True,7e-05
divided,1,True,7e-05
sweet,1,True,7e-05
sour,1,True,7e-05
loud,1,True,7e-05
learning,3,True,0.00022
effort,4,True,0.00029
abstraction,4,True,0.00029
easiest,1,True,7e-05
complex,33,True,0.00239
glance,1,True,7e-05
successively,1,True,7e-05
chime,3,True,0.00022
bells,2,True,0.00015
bell,1,True,7e-05
retain,1,True,7e-05
sources,3,True,0.00022
abstracted,1,True,7e-05
green,6,True,0.00044
greens,1,True,7e-05
_resemblance_,1,True,7e-05
_similarity_,1,True,7e-05
returning,1,True,7e-05
unsolved,1,True,7e-05
satisfactory,2,True,0.00015
revert,1,True,7e-05
endeavour,3,True,0.00022
_all,1,True,7e-05
deals,3,True,0.00022
universals_,1,True,7e-05
solving,1,True,7e-05
untrue,3,True,0.00022
formed,3,True,0.00022
twos,2,True,0.00015
interpret,1,True,7e-05
infinitely,3,True,0.00022
numerous,1,True,7e-05
_implies_,1,True,7e-05
_as,1,True,7e-05
couples_,1,True,7e-05
couple,3,True,0.00022
reflecting,1,True,7e-05
anticipate,1,True,7e-05
_no_,1,True,7e-05
serve,1,True,7e-05
contrast,1,True,7e-05
genuine,2,True,0.00015
_understand_,1,True,7e-05
_man_,3,True,0.00022
_mortal_,2,True,0.00015
_meaning_,2,True,0.00015
_evidence_,1,True,7e-05
physiology,1,True,7e-05
govern,2,True,0.00015
_mortality_,1,True,7e-05
_men_,1,True,7e-05
subsumed,1,True,7e-05
wider,2,True,0.00015
extensive,1,True,7e-05
progress,1,True,7e-05
producing,1,True,7e-05
subsumptions,1,True,7e-05
_degree_,1,True,7e-05
_kind_,1,True,7e-05
arrived,1,True,7e-05
subsequently,1,True,7e-05
perpendiculars,3,True,0.00022
multiplied,3,True,0.00022
_product_,1,True,7e-05
integers,6,True,0.00044
100,3,True,0.00022
recorded,1,True,7e-05
multiplication,1,True,7e-05
finite,3,True,0.00022
products,1,True,7e-05
undeniable,1,True,7e-05
derivative,15,True,0.00109
_intuitive_,2,True,0.00015
_self,2,True,0.00015
evident_,2,True,0.00015
_derivative_,2,True,0.00015
intuitive,21,True,0.00152
_error_,3,True,0.00022
mark,2,True,0.00015
xi,2,True,0.00015
impression,1,True,7e-05
highly,4,True,0.00029
unreasonable,2,True,0.00015
forgotten,1,True,7e-05
consciously,2,True,0.00015
insistent,1,True,7e-05
discoverable,4,True,0.00029
starting,2,True,0.00015
luminously,1,True,7e-05
poisonous,1,True,7e-05
regress,1,True,7e-05
leads,2,True,0.00015
constructing,1,True,7e-05
demonstration,2,True,0.00015
rest,6,True,0.00044
disputable,1,True,7e-05
pursue,1,True,7e-05
rose,4,True,0.00029
pink,1,True,7e-05
practised,1,True,7e-05
abstractions,1,True,7e-05
grasp,1,True,7e-05
brightness,1,True,7e-05
surrounded,1,True,7e-05
coalesce,1,True,7e-05
_existence_,2,True,0.00015
_round_,1,True,7e-05
differs,2,True,0.00015
analyses,1,True,7e-05
recombines,1,True,7e-05
analogous,1,True,7e-05
danger,1,True,7e-05
accompanied,1,True,7e-05
noticing,1,True,7e-05
extent,7,True,0.00051
compare,1,True,7e-05
wide,3,True,0.00022
accurate,1,True,7e-05
throws,1,True,7e-05
trustworthiness,5,True,0.00036
trustworthy,2,True,0.00015
proportion,2,True,0.00015
vividness,2,True,0.00015
nearness,1,True,7e-05
struck,1,True,7e-05
minute,2,True,0.00015
reliable,1,True,7e-05
flash,1,True,7e-05
vivid,2,True,0.00015
ate,1,True,7e-05
breakfast,3,True,0.00022
indifferent,2,True,0.00015
conversation,1,True,7e-05
continual,2,True,0.00015
gradation,5,True,0.00036
degrees,8,True,0.00058
reaching,2,True,0.00015
perfect,3,True,0.00022
george,1,True,7e-05
waterloo,1,True,7e-05
gradations,1,True,7e-05
ranging,1,True,7e-05
faintness,1,True,7e-05
memories,2,True,0.00015
diminishing,2,True,0.00015
remoter,1,True,7e-05
fainter,1,True,7e-05
aesthetic,1,True,7e-05
conflict,1,True,7e-05
retained,1,True,7e-05
notions,1,True,7e-05
combined,2,True,0.00015
infallible,3,True,0.00022
guarantee,6,True,0.00044
presumption,1,True,7e-05
suggestion,1,True,7e-05
xii,1,True,7e-05
confine,1,True,7e-05
deceptive,1,True,7e-05
dualism,2,True,0.00015
incompatible,1,True,7e-05
opinions,3,True,0.00022
_mean_,2,True,0.00015
hoped,1,True,7e-05
produce,4,True,0.00029
observe,1,True,7e-05
discover,5,True,0.00036
requisites,3,True,0.00022
adequately,1,True,7e-05
condition,2,True,0.00015
constructed,1,True,7e-05
correlative,1,True,7e-05
falsehoods,2,True,0.00015
lies,1,True,7e-05
scaffold,1,True,7e-05
centuries,1,True,7e-05
bed,1,True,7e-05
arriving,1,True,7e-05
prevents,2,True,0.00015
internal,2,True,0.00015
irrefutable,1,True,7e-05
_coherence_,2,True,0.00015
cohere,1,True,7e-05
rounded,1,True,7e-05
_one_,1,True,7e-05
coherent,8,True,0.00058
novelist,1,True,7e-05
uncommon,1,True,7e-05
rival,1,True,7e-05
coherence,8,True,0.00058
incoherent,2,True,0.00015
subjected,2,True,0.00015
skeleton,1,True,7e-05
framework,1,True,7e-05
accepted,4,True,0.00029
_test_,1,True,7e-05
_correspondence,1,True,7e-05
fact_,1,True,7e-05
constituting,1,True,7e-05
define,2,True,0.00015
precisely,1,True,7e-05
subsist,4,True,0.00029
allowing,1,True,7e-05
othello,18,True,0.00131
desdemona,25,True,0.00181
loves,18,True,0.00131
cassio,28,True,0.00203
desdemona's,7,True,0.00051
york,1,True,7e-05
_jealousy_,1,True,7e-05
promote,1,True,7e-05
marriage,1,True,7e-05
indefinitely,1,True,7e-05
_judging_,1,True,7e-05
_believing_,1,True,7e-05
duly,1,True,7e-05
allowed,1,True,7e-05
objective,1,True,7e-05
refutable,1,True,7e-05
avoided,1,True,7e-05
easier,2,True,0.00015
severally,2,True,0.00015
loving,7,True,0.00051
_each_,1,True,7e-05
knits,1,True,7e-05
entertaining,1,True,7e-05
knitting,2,True,0.00015
_act_,1,True,7e-05
distinguishes,1,True,7e-05
definitions,1,True,7e-05
_subject_,1,True,7e-05
remaining,3,True,0.00022
_objects_,3,True,0.00022
_constituents_,1,True,7e-05
metaphorically,1,True,7e-05
inflected,1,True,7e-05
inflections,1,True,7e-05
nominative,1,True,7e-05
accusative,1,True,7e-05
othello's,2,True,0.00015
host,1,True,7e-05
aspect,2,True,0.00015
spoke,1,True,7e-05
unites,1,True,7e-05
union,6,True,0.00044
uniting,1,True,7e-05
creates,1,True,7e-05
unity,12,True,0.00087
consisting,3,True,0.00022
brick,1,True,7e-05
structure,1,True,7e-05
cement,3,True,0.00022
binds,1,True,7e-05
_false_,2,True,0.00015
_falsely_,1,True,7e-05
_corresponds_,1,True,7e-05
definiteness,1,True,7e-05
extrinsic,1,True,7e-05
ensures,2,True,0.00015
absence,2,True,0.00015
entails,1,True,7e-05
_truth_,1,True,7e-05
restate,1,True,7e-05
_object,2,True,0.00015
terms_,1,True,7e-05
relation_,1,True,7e-05
_fact,1,True,7e-05
belief_,1,True,7e-05
_create_,1,True,7e-05
created,4,True,0.00029
catching,1,True,7e-05
trains,1,True,7e-05
_fact_,2,True,0.00015
xiii,1,True,7e-05
inquire,1,True,7e-05
_know_,5,True,0.00036
attack,1,True,7e-05
defined,1,True,7e-05
achieved,4,True,0.00029
accord,1,True,7e-05
late,6,True,0.00044
prime,6,True,0.00044
minister's,3,True,0.00022
minister,3,True,0.00022
sir,1,True,7e-05
henry,1,True,7e-05
campbell,1,True,7e-05
bannerman,1,True,7e-05
balfour,2,True,0.00015
newspaper,3,True,0.00022
intelligent,1,True,7e-05
anticipation,1,True,7e-05
announces,2,True,0.00015
telegram,1,True,7e-05
received,6,True,0.00044
fortune,1,True,7e-05
readers,1,True,7e-05
greeks,1,True,7e-05
greek,2,True,0.00015
validly,4,True,0.00029
_known_,2,True,0.00015
conclusions,2,True,0.00015
amend,1,True,7e-05
intuitively,1,True,7e-05
formal,1,True,7e-05
defect,4,True,0.00029
leaving,2,True,0.00015
grown,2,True,0.00015
newspapers,1,True,7e-05
death,2,True,0.00015
king,3,True,0.00022
dead,2,True,0.00015
announcement,1,True,7e-05
amply,1,True,7e-05
news,1,True,7e-05
child,1,True,7e-05
letters,4,True,0.00029
painfully,1,True,7e-05
realization,1,True,7e-05
accustomed,2,True,0.00015
passes,1,True,7e-05
printed,3,True,0.00022
_could_,1,True,7e-05
reader,2,True,0.00015
king's,1,True,7e-05
passage,1,True,7e-05
obtaining,3,True,0.00022
runs,1,True,7e-05
renders,2,True,0.00015
conception,5,True,0.00036
merges,1,True,7e-05
sought,4,True,0.00029
criterion,1,True,7e-05
infected,1,True,7e-05
mitigate,1,True,7e-05
infallibility,1,True,7e-05
_knowledge_,2,True,0.00015
fulfils,1,True,7e-05
_perception_,1,True,7e-05
widest,4,True,0.00029
hour,2,True,0.00015
sunset,1,True,7e-05
setting,2,True,0.00015
weather,1,True,7e-05
fine,1,True,7e-05
west,2,True,0.00015
judged,2,True,0.00015
combine,1,True,7e-05
relate,1,True,7e-05
privacy,2,True,0.00015
_absolutely_,1,True,7e-05
shining,3,True,0.00022
analyse,1,True,7e-05
commit,1,True,7e-05
inclination,1,True,7e-05
trotting,1,True,7e-05
hoofs,1,True,7e-05
listen,2,True,0.00015
intently,1,True,7e-05
upstairs,1,True,7e-05
heartbeats,1,True,7e-05
comparing,1,True,7e-05
altered,1,True,7e-05
greeny,1,True,7e-05
tuning,1,True,7e-05
musical,1,True,7e-05
instrument,1,True,7e-05
continuous,1,True,7e-05
trusted,1,True,7e-05
axioms,3,True,0.00022
step,1,True,7e-05
errors,2,True,0.00015
noteworthy,1,True,7e-05
opposites,1,True,7e-05
psychologically,1,True,7e-05
hesitatingly,1,True,7e-05
_probable,1,True,7e-05
opinion_,1,True,7e-05
_criterion_,1,True,7e-05
individually,2,True,0.00015
mutually,1,True,7e-05
isolation,1,True,7e-05
introduce,1,True,7e-05
pretty,1,True,7e-05
night,2,True,0.00015
days,5,True,0.00036
condemns,1,True,7e-05
confirms,1,True,7e-05
increases,2,True,0.00015
transform,1,True,7e-05
xiv,1,True,7e-05
profess,1,True,7e-05
dogmas,1,True,7e-05
religion,1,True,7e-05
rationality,1,True,7e-05
illusoriness,1,True,7e-05
unreality,2,True,0.00015
evil,5,True,0.00036
theses,1,True,7e-05
inspiration,1,True,7e-05
vain,1,True,7e-05
proposed,1,True,7e-05
proofs,2,True,0.00015
surviving,1,True,7e-05
representative,1,True,7e-05
hegel,7,True,0.00051
1770,1,True,7e-05
1831,1,True,7e-05
hegel's,1,True,7e-05
commentators,2,True,0.00015
interpretation,2,True,0.00015
type,1,True,7e-05
thesis,1,True,7e-05
short,1,True,7e-05
fragmentary,3,True,0.00022
complement,1,True,7e-05
supplied,1,True,7e-05
comparative,1,True,7e-05
anatomist,1,True,7e-05
bone,1,True,7e-05
animal,1,True,7e-05
outlines,1,True,7e-05
hooks,2,True,0.00015
grapple,1,True,7e-05
reconstructed,1,True,7e-05
incompleteness,3,True,0.00022
forget,1,True,7e-05
antithesis,3,True,0.00022
escape,4,True,0.00029
synthesis,2,True,0.00015
original,2,True,0.00015
started,1,True,7e-05
advances,1,True,7e-05
development,1,True,7e-05
surveys,1,True,7e-05
spiritual,3,True,0.00022
piecemeal,2,True,0.00015
striving,1,True,7e-05
struggling,1,True,7e-05
disappear,1,True,7e-05
eternal,1,True,7e-05
unchanging,1,True,7e-05
undeniably,1,True,7e-05
sublime,1,True,7e-05
yield,1,True,7e-05
unwarrantable,1,True,7e-05
assumptions,1,True,7e-05
tenet,1,True,7e-05
subsistent,1,True,7e-05
hatreds,1,True,7e-05
hates,1,True,7e-05
fragment,1,True,7e-05
connects,1,True,7e-05
usage,1,True,7e-05
thing's,3,True,0.00022
toothache,1,True,7e-05
dentist,1,True,7e-05
_seems_,1,True,7e-05
relational,1,True,7e-05
characters,2,True,0.00015
remote,1,True,7e-05
disappointing,1,True,7e-05
hopes,3,True,0.00022
harmony,1,True,7e-05
temper,1,True,7e-05
borne,1,True,7e-05
ambitious,1,True,7e-05
metaphysicians,2,True,0.00015
proceeded,1,True,7e-05
features,1,True,7e-05
tendency,2,True,0.00015
illusory,1,True,7e-05
afforded,1,True,7e-05
divisible,2,True,0.00015
forwards,1,True,7e-05
halved,2,True,0.00015
halves,1,True,7e-05
_ad,1,True,7e-05
infinitum_,1,True,7e-05
elapse,1,True,7e-05
moments,2,True,0.00015
divisibility,1,True,7e-05
tending,1,True,7e-05
collections,3,True,0.00022
instants,1,True,7e-05
emerged,1,True,7e-05
emphasized,1,True,7e-05
declared,1,True,7e-05
mathematicians,3,True,0.00022
georg,1,True,7e-05
cantor,1,True,7e-05
mistake,1,True,7e-05
obstinate,1,True,7e-05
prejudices,7,True,0.00051
inoperative,1,True,7e-05
constructions,1,True,7e-05
dried,1,True,7e-05
euclid's,1,True,7e-05
loosen,1,True,7e-05
live,1,True,7e-05
euclidean,2,True,0.00015
measure,3,True,0.00022
reversed,1,True,7e-05
partially,1,True,7e-05
decides,1,True,7e-05
enormously,1,True,7e-05
walls,1,True,7e-05
nook,1,True,7e-05
cranny,1,True,7e-05
explored,1,True,7e-05
directions,1,True,7e-05
prescribe,1,True,7e-05
broken,1,True,7e-05
bar,1,True,7e-05
liberator,1,True,7e-05
alternatives,1,True,7e-05
closed,1,True,7e-05
unreflective,1,True,7e-05
task,1,True,7e-05
deciding,1,True,7e-05
decision,1,True,7e-05
choice,1,True,7e-05
descend,1,True,7e-05
combination,1,True,7e-05
wisdom,2,True,0.00015
examines,1,True,7e-05
searches,1,True,7e-05
inconsistencies,1,True,7e-05
accepts,1,True,7e-05
disengaged,1,True,7e-05
revealed,1,True,7e-05
bolder,1,True,7e-05
seldom,1,True,7e-05
possess,1,True,7e-05
_criticism_,1,True,7e-05
impose,1,True,7e-05
limitation,4,True,0.00029
attitude,1,True,7e-05
sceptic,1,True,7e-05
placing,1,True,7e-05
circle,4,True,0.00029
demanding,1,True,7e-05
disputants,1,True,7e-05
blank,1,True,7e-05
employs,1,True,7e-05
destructive,1,True,7e-05
_logical_,1,True,7e-05
methodical,2,True,0.00015
consisted,1,True,7e-05
pausing,1,True,7e-05
calmly,2,True,0.00015
abstain,1,True,7e-05
melt,1,True,7e-05
bid,1,True,7e-05
advocates,1,True,7e-05
aimed,1,True,7e-05
determines,1,True,7e-05
merits,1,True,7e-05
completed,1,True,7e-05
risk,3,True,0.00022
fallible,1,True,7e-05
justly,1,True,7e-05
diminishes,1,True,7e-05
negligible,1,True,7e-05
mistakes,1,True,7e-05
prudent,1,True,7e-05
advocate,1,True,7e-05
xv,1,True,7e-05
review,1,True,7e-05
studied,2,True,0.00015
influence,1,True,7e-05
affairs,1,True,7e-05
innocent,1,True,7e-05
trifling,1,True,7e-05
hair,1,True,7e-05
splitting,1,True,7e-05
strives,1,True,7e-05
achieve,1,True,7e-05
inventions,1,True,7e-05
ignorant,1,True,7e-05
recommended,2,True,0.00015
student,2,True,0.00015
indirectly,2,True,0.00015
effects,2,True,0.00015
recognizes,1,True,7e-05
oblivious,1,True,7e-05
providing,5,True,0.00036
poverty,1,True,7e-05
disease,1,True,7e-05
lowest,1,True,7e-05
society,1,True,7e-05
persuaded,1,True,7e-05
waste,1,True,7e-05
studies,1,True,7e-05
aims,3,True,0.00022
success,1,True,7e-05
provide,8,True,0.00058
mineralogist,1,True,7e-05
historian,1,True,7e-05
ascertained,1,True,7e-05
candid,1,True,7e-05
confess,1,True,7e-05
heavens,1,True,7e-05
newton's,1,True,7e-05
separated,1,True,7e-05
psychology,1,True,7e-05
uncertainty,3,True,0.00022
residue,1,True,7e-05
profoundest,1,True,7e-05
insoluble,1,True,7e-05
intellect,5,True,0.00036
powers,1,True,7e-05
fortuitous,1,True,7e-05
concourse,1,True,7e-05
atoms,1,True,7e-05
growth,2,True,0.00015
transitory,1,True,7e-05
accident,1,True,7e-05
planet,1,True,7e-05
variously,1,True,7e-05
demonstrably,1,True,7e-05
approaches,1,True,7e-05
alive,2,True,0.00015
speculative,1,True,7e-05
killed,1,True,7e-05
confining,1,True,7e-05
ascertainable,2,True,0.00015
religious,2,True,0.00015
methods,2,True,0.00015
limitations,1,True,7e-05
unwise,1,True,7e-05
pronounce,1,True,7e-05
investigations,1,True,7e-05
astray,1,True,7e-05
renounce,1,True,7e-05
include,3,True,0.00022
tincture,1,True,7e-05
imprisoned,1,True,7e-05
habitual,1,True,7e-05
nation,1,True,7e-05
consent,1,True,7e-05
deliberate,1,True,7e-05
rouse,1,True,7e-05
unfamiliar,2,True,0.00015
contemptuously,1,True,7e-05
philosophize,1,True,7e-05
everyday,1,True,7e-05
enlarge,3,True,0.00022
tyranny,1,True,7e-05
custom,1,True,7e-05
removes,1,True,7e-05
arrogant,1,True,7e-05
dogmatism,1,True,7e-05
liberating,1,True,7e-05
unsuspected,1,True,7e-05
greatness,5,True,0.00036
contemplates,3,True,0.00022
freedom,4,True,0.00029
personal,4,True,0.00029
family,1,True,7e-05
friends,2,True,0.00015
hinder,1,True,7e-05
feverish,1,True,7e-05
philosophic,8,True,0.00058
calm,1,True,7e-05
midst,1,True,7e-05
lay,1,True,7e-05
garrison,1,True,7e-05
beleagured,1,True,7e-05
fortress,1,True,7e-05
surrender,1,True,7e-05
inevitable,1,True,7e-05
peace,1,True,7e-05
strife,2,True,0.00015
insistence,2,True,0.00015
powerlessness,1,True,7e-05
prison,2,True,0.00015
divide,1,True,7e-05
hostile,2,True,0.00015
camps,1,True,7e-05
foes,1,True,7e-05
helpful,1,True,7e-05
impartially,1,True,7e-05
unalloyed,2,True,0.00015
aim,1,True,7e-05
akin,1,True,7e-05
acquisition,1,True,7e-05
enlargement,4,True,0.00029
operative,1,True,7e-05
adapts,1,True,7e-05
alien,1,True,7e-05
obstacle,1,True,7e-05
sets,1,True,7e-05
bounds,1,True,7e-05
enlarged,1,True,7e-05
infinity,2,True,0.00015
achieves,1,True,7e-05
soul,1,True,7e-05
fostered,1,True,7e-05
assimilate,1,True,7e-05
impaired,1,True,7e-05
dominion,1,True,7e-05
force,1,True,7e-05
conformity,1,True,7e-05
widespread,2,True,0.00015
robbing,1,True,7e-05
fetters,1,True,7e-05
habits,1,True,7e-05
impenetrable,1,True,7e-05
veil,1,True,7e-05
fear,1,True,7e-05
satisfaction,1,True,7e-05
magnifies,1,True,7e-05
contemplated,1,True,7e-05
contemplating,1,True,7e-05
distorts,1,True,7e-05
impairs,1,True,7e-05
barrier,1,True,7e-05
_here_,1,True,7e-05
_now_,1,True,7e-05
fears,2,True,0.00015
trammels,1,True,7e-05
customary,1,True,7e-05
traditional,1,True,7e-05
dispassionately,1,True,7e-05
exclusive,2,True,0.00015
impersonal,1,True,7e-05
contemplative,1,True,7e-05
attain,1,True,7e-05
accidents,1,True,7e-05
enter,1,True,7e-05
distort,1,True,7e-05
impartiality,3,True,0.00022
emotion,2,True,0.00015
infinitesimal,1,True,7e-05
fragments,1,True,7e-05
unaffected,1,True,7e-05
deeds,1,True,7e-05
admirable,1,True,7e-05
enlarges,1,True,7e-05
affections,1,True,7e-05
citizens,1,True,7e-05
walled,1,True,7e-05
city,2,True,0.00015
citizenship,1,True,7e-05
liberation,1,True,7e-05
thraldom,1,True,7e-05
enrich,1,True,7e-05
intellectual,3,True,0.00022
diminish,1,True,7e-05
dogmatic,1,True,7e-05
assurance,1,True,7e-05
closes,1,True,7e-05
bibliographical,1,True,7e-05
note,1,True,7e-05
elementary,1,True,7e-05
profitable,1,True,7e-05
handbooks,1,True,7e-05
specially,1,True,7e-05
_republic_,1,True,7e-05
_meditations_,1,True,7e-05
_ethics_,1,True,7e-05
monadology_,1,True,7e-05
philonous_,1,True,7e-05
_enquiry,1,True,7e-05
understanding_,1,True,7e-05
_prolegomena,1,True,7e-05
metaphysic_,1,True,7e-05
gutenberg's,1,True,7e-05
editions,4,True,0.00029
renamed,1,True,7e-05
creating,4,True,0.00029
protected,5,True,0.00036
copyright,20,True,0.00145
owns,2,True,0.00015
distribute,6,True,0.00044
permission,6,True,0.00044
paying,3,True,0.00022
royalties,3,True,0.00022
copying,4,True,0.00029
distributing,7,True,0.00051
electronic,27,True,0.00196
protect,2,True,0.00015
concept,2,True,0.00015
trademark,14,True,0.00102
registered,2,True,0.00015
charge,6,True,0.00044
including,9,True,0.00065
copies,7,True,0.00051
complying,3,True,0.00022
creation,1,True,7e-05
reports,1,True,7e-05
performances,1,True,7e-05
ebooks,7,True,0.00051
redistribution,2,True,0.00015
commercial,1,True,7e-05
mission,4,True,0.00029
promoting,2,True,0.00015
comply,6,True,0.00044
file,1,True,7e-05
redistributing,2,True,0.00015
abide,1,True,7e-05
destroy,2,True,0.00015
possession,1,True,7e-05
paid,6,True,0.00044
fee,8,True,0.00058
access,10,True,0.00073
refund,10,True,0.00073
paragraph,11,True,0.0008
8,4,True,0.00029
lot,1,True,7e-05
literary,13,True,0.00094
archive,13,True,0.00094
pglaf,1,True,7e-05
compilation,1,True,7e-05
domain,2,True,0.00015
unprotected,1,True,7e-05
prevent,1,True,7e-05
performing,3,True,0.00022
displaying,4,True,0.00029
references,2,True,0.00015
sharing,1,True,7e-05
compliance,5,True,0.00036
keeping,2,True,0.00015
format,4,True,0.00029
attached,1,True,7e-05
countries,1,True,7e-05
downloading,1,True,7e-05
representations,1,True,7e-05
status,4,True,0.00029
active,2,True,0.00015
links,3,True,0.00022
accessed,1,True,7e-05
displayed,1,True,7e-05
copied,2,True,0.00015
distributed,4,True,0.00029
texts,1,True,7e-05
indicating,1,True,7e-05
posted,4,True,0.00029
holder,4,True,0.00029
fees,4,True,0.00029
appearing,1,True,7e-05
requirements,4,True,0.00029
paragraphs,3,True,0.00022
9,3,True,0.00022
additional,3,True,0.00022
linked,1,True,7e-05
4,5,True,0.00036
unlink,1,True,7e-05
detach,1,True,7e-05
files,1,True,7e-05
display,1,True,7e-05
redistribute,1,True,7e-05
6,2,True,0.00015
convert,1,True,7e-05
binary,1,True,7e-05
compressed,1,True,7e-05
marked,2,True,0.00015
nonproprietary,1,True,7e-05
proprietary,1,True,7e-05
processing,1,True,7e-05
hypertext,1,True,7e-05
vanilla,2,True,0.00015
ascii,2,True,0.00015
official,3,True,0.00022
version,1,True,7e-05
expense,1,True,7e-05
user,3,True,0.00022
exporting,1,True,7e-05
request,1,True,7e-05
alternate,1,True,7e-05
viewing,1,True,7e-05
pay,1,True,7e-05
royalty,3,True,0.00022
20,1,True,7e-05
profits,1,True,7e-05
calculated,1,True,7e-05
calculate,1,True,7e-05
taxes,1,True,7e-05
owed,1,True,7e-05
owner,4,True,0.00029
donate,5,True,0.00036
payments,3,True,0.00022
60,1,True,7e-05
prepare,2,True,0.00015
legally,1,True,7e-05
periodic,1,True,7e-05
tax,6,True,0.00044
returns,1,True,7e-05
address,1,True,7e-05
donations,15,True,0.00109
money,3,True,0.00022
notifies,1,True,7e-05
mail,1,True,7e-05
30,1,True,7e-05
receipt,2,True,0.00015
possessed,1,True,7e-05
discontinue,1,True,7e-05
replacement,5,True,0.00036
reported,1,True,7e-05
90,2,True,0.00015
manager,1,True,7e-05
volunteers,5,True,0.00036
employees,1,True,7e-05
expend,1,True,7e-05
transcribe,1,True,7e-05
proofread,1,True,7e-05
efforts,3,True,0.00022
stored,1,True,7e-05
defects,1,True,7e-05
inaccurate,1,True,7e-05
corrupt,1,True,7e-05
transcription,1,True,7e-05
infringement,1,True,7e-05
defective,3,True,0.00022
damaged,1,True,7e-05
disk,1,True,7e-05
virus,1,True,7e-05
codes,1,True,7e-05
damage,2,True,0.00015
equipment,3,True,0.00022
warranty,2,True,0.00015
disclaimer,3,True,0.00022
damages,4,True,0.00029
party,1,True,7e-05
disclaim,1,True,7e-05
liability,3,True,0.00022
costs,2,True,0.00015
expenses,2,True,0.00015
legal,2,True,0.00015
remedies,1,True,7e-05
negligence,1,True,7e-05
breach,2,True,0.00015
contract,1,True,7e-05
distributor,1,True,7e-05
indirect,1,True,7e-05
consequential,1,True,7e-05
punitive,1,True,7e-05
incidental,1,True,7e-05
receiving,1,True,7e-05
receive,2,True,0.00015
sending,1,True,7e-05
written,3,True,0.00022
explanation,2,True,0.00015
elect,1,True,7e-05
lieu,2,True,0.00015
electronically,2,True,0.00015
opportunity,1,True,7e-05
opportunities,1,True,7e-05
warranties,3,True,0.00022
merchantability,1,True,7e-05
fitness,1,True,7e-05
disclaimers,1,True,7e-05
exclusion,1,True,7e-05
types,1,True,7e-05
violates,1,True,7e-05
interpreted,1,True,7e-05
maximum,1,True,7e-05
permitted,2,True,0.00015
invalidity,1,True,7e-05
unenforceability,1,True,7e-05
provision,1,True,7e-05
void,1,True,7e-05
provisions,1,True,7e-05
indemnity,1,True,7e-05
indemnify,1,True,7e-05
agent,1,True,7e-05
employee,1,True,7e-05
production,1,True,7e-05
promotion,1,True,7e-05
harmless,1,True,7e-05
alteration,1,True,7e-05
modification,1,True,7e-05
deletions,1,True,7e-05
synonymous,1,True,7e-05
formats,1,True,7e-05
readable,2,True,0.00015
variety,1,True,7e-05
computers,2,True,0.00015
obsolete,1,True,7e-05
middle,1,True,7e-05
aged,1,True,7e-05
hundreds,1,True,7e-05
walks,1,True,7e-05
financial,1,True,7e-05
goals,1,True,7e-05
ensuring,1,True,7e-05
generations,2,True,0.00015
2001,1,True,7e-05
sections,1,True,7e-05
501,1,True,7e-05
educational,1,True,7e-05
corporation,1,True,7e-05
organized,1,True,7e-05
mississippi,1,True,7e-05
exempt,2,True,0.00015
revenue,1,True,7e-05
ein,1,True,7e-05
federal,2,True,0.00015
identification,1,True,7e-05
64,1,True,7e-05
6221541,1,True,7e-05
contributions,2,True,0.00015
deductible,1,True,7e-05
office,1,True,7e-05
809,1,True,7e-05
1500,1,True,7e-05
salt,1,True,7e-05
lake,1,True,7e-05
ut,1,True,7e-05
84116,1,True,7e-05
801,1,True,7e-05
596,1,True,7e-05
1887,1,True,7e-05
email,2,True,0.00015
survive,1,True,7e-05
carry,1,True,7e-05
increasing,1,True,7e-05
licensed,1,True,7e-05
machine,1,True,7e-05
accessible,1,True,7e-05
array,1,True,7e-05
outdated,1,True,7e-05
000,1,True,7e-05
maintaining,1,True,7e-05
irs,1,True,7e-05
regulating,1,True,7e-05
charities,1,True,7e-05
charitable,1,True,7e-05
50,1,True,7e-05
paperwork,1,True,7e-05
solicit,2,True,0.00015
locations,1,True,7e-05
confirmation,1,True,7e-05
send,1,True,7e-05
visit,2,True,0.00015
solicitation,1,True,7e-05
prohibition,1,True,7e-05
unsolicited,1,True,7e-05
donors,1,True,7e-05
international,1,True,7e-05
gratefully,1,True,7e-05
treatment,1,True,7e-05
swamp,1,True,7e-05
staff,1,True,7e-05
current,1,True,7e-05
donation,1,True,7e-05
addresses,1,True,7e-05
checks,1,True,7e-05
card,1,True,7e-05
michael,1,True,7e-05
hart,1,True,7e-05
originator,1,True,7e-05
loose,1,True,7e-05
network,1,True,7e-05
volunteer,1,True,7e-05
confirmed,1,True,7e-05
edition,1,True,7e-05
facility,1,True,7e-05
includes,1,True,7e-05
subscribe,1,True,7e-05
newsletter,1,True,7e-05
